-- phpMyAdmin SQL Dump
-- version 5.1.3
-- https://www.phpmyadmin.net/
--
-- Host: 127.0.0.1
-- Generation Time: May 23, 2022 at 11:08 AM
-- Server version: 10.4.24-MariaDB
-- PHP Version: 7.4.29

SET SQL_MODE = "NO_AUTO_VALUE_ON_ZERO";
START TRANSACTION;
SET time_zone = "+00:00";


/*!40101 SET @OLD_CHARACTER_SET_CLIENT=@@CHARACTER_SET_CLIENT */;
/*!40101 SET @OLD_CHARACTER_SET_RESULTS=@@CHARACTER_SET_RESULTS */;
/*!40101 SET @OLD_COLLATION_CONNECTION=@@COLLATION_CONNECTION */;
/*!40101 SET NAMES utf8mb4 */;

--
-- Database: `shopping`
--

-- --------------------------------------------------------

--
-- Table structure for table `admin`
--

CREATE TABLE `admin` (
  `id` int(11) NOT NULL,
  `username` varchar(255) NOT NULL,
  `password` varchar(255) NOT NULL,
  `creationDate` timestamp NOT NULL DEFAULT current_timestamp(),
  `updationDate` varchar(255) NOT NULL
) ENGINE=InnoDB DEFAULT CHARSET=latin1;

--
-- Dumping data for table `admin`
--

INSERT INTO `admin` (`id`, `username`, `password`, `creationDate`, `updationDate`) VALUES
(1, 'admin', 'f925916e2754e5e03f75dd58a5733251', '2017-01-24 16:21:18', '21-06-2018 08:27:55 PM');

-- --------------------------------------------------------

--
-- Table structure for table `category`
--

CREATE TABLE `category` (
  `id` int(11) NOT NULL,
  `categoryName` varchar(255) DEFAULT NULL,
  `categoryDescription` longtext DEFAULT NULL,
  `creationDate` timestamp NOT NULL DEFAULT current_timestamp(),
  `updationDate` varchar(255) DEFAULT NULL
) ENGINE=InnoDB DEFAULT CHARSET=latin1;

--
-- Dumping data for table `category`
--

INSERT INTO `category` (`id`, `categoryName`, `categoryDescription`, `creationDate`, `updationDate`) VALUES
(3, 'Books', 'Test anuj', '2017-01-24 19:17:37', '30-01-2017 12:22:24 AM'),
(4, 'Electronics', 'Electronic Products', '2017-01-24 19:19:32', ''),
(5, 'Furniture', 'test', '2017-01-24 19:19:54', ''),
(6, 'Fashion', 'Fashion', '2017-02-20 19:18:52', '');

-- --------------------------------------------------------

--
-- Table structure for table `orders`
--

CREATE TABLE `orders` (
  `id` int(11) NOT NULL,
  `userId` int(11) DEFAULT NULL,
  `productId` varchar(255) DEFAULT NULL,
  `quantity` int(11) DEFAULT NULL,
  `orderDate` timestamp NOT NULL DEFAULT current_timestamp(),
  `paymentMethod` varchar(50) DEFAULT NULL,
  `orderStatus` varchar(55) DEFAULT NULL
) ENGINE=InnoDB DEFAULT CHARSET=latin1;

--
-- Dumping data for table `orders`
--

INSERT INTO `orders` (`id`, `userId`, `productId`, `quantity`, `orderDate`, `paymentMethod`, `orderStatus`) VALUES
(1, 1, '3', 1, '2017-03-07 19:32:57', 'COD', NULL),
(3, 1, '4', 1, '2017-03-10 19:43:04', 'Debit / Credit card', 'Delivered'),
(4, 1, '17', 1, '2017-03-08 16:14:17', 'COD', 'in Process'),
(5, 1, '3', 1, '2017-03-08 19:21:38', 'COD', NULL),
(6, 1, '4', 1, '2017-03-08 19:21:38', 'COD', NULL),
(7, 4, '16', 1, '2022-05-18 06:10:45', 'COD', NULL),
(8, 6, '25', 1, '2022-05-23 06:02:36', 'Debit / Credit card', NULL);

-- --------------------------------------------------------

--
-- Table structure for table `ordertrackhistory`
--

CREATE TABLE `ordertrackhistory` (
  `id` int(11) NOT NULL,
  `orderId` int(11) DEFAULT NULL,
  `status` varchar(255) DEFAULT NULL,
  `remark` mediumtext DEFAULT NULL,
  `postingDate` timestamp NOT NULL DEFAULT current_timestamp()
) ENGINE=InnoDB DEFAULT CHARSET=latin1;

--
-- Dumping data for table `ordertrackhistory`
--

INSERT INTO `ordertrackhistory` (`id`, `orderId`, `status`, `remark`, `postingDate`) VALUES
(1, 3, 'in Process', 'Order has been Shipped.', '2017-03-10 19:36:45'),
(2, 1, 'Delivered', 'Order Has been delivered', '2017-03-10 19:37:31'),
(3, 3, 'Delivered', 'Product delivered successfully', '2017-03-10 19:43:04'),
(4, 4, 'in Process', 'Product ready for Shipping', '2017-03-10 19:50:36');

-- --------------------------------------------------------

--
-- Table structure for table `productreviews`
--

CREATE TABLE `productreviews` (
  `id` int(11) NOT NULL,
  `productId` int(11) DEFAULT NULL,
  `quality` int(11) DEFAULT NULL,
  `price` int(11) DEFAULT NULL,
  `value` int(11) DEFAULT NULL,
  `name` varchar(255) DEFAULT NULL,
  `summary` varchar(255) DEFAULT NULL,
  `review` longtext DEFAULT NULL,
  `reviewDate` timestamp NOT NULL DEFAULT current_timestamp()
) ENGINE=InnoDB DEFAULT CHARSET=latin1;

--
-- Dumping data for table `productreviews`
--

INSERT INTO `productreviews` (`id`, `productId`, `quality`, `price`, `value`, `name`, `summary`, `review`, `reviewDate`) VALUES
(2, 3, 4, 5, 5, 'Anuj Kumar', 'BEST PRODUCT FOR ME :)', 'BEST PRODUCT FOR ME :)', '2017-02-26 20:43:57'),
(3, 3, 3, 4, 3, 'Sarita pandey', 'Nice Product', 'Value for money', '2017-02-26 20:52:46'),
(4, 3, 3, 4, 3, 'Sarita pandey', 'Nice Product', 'Value for money', '2017-02-26 20:59:19');

-- --------------------------------------------------------

--
-- Table structure for table `products`
--

CREATE TABLE `products` (
  `id` int(11) NOT NULL,
  `category` int(11) NOT NULL,
  `subCategory` int(11) DEFAULT NULL,
  `productName` varchar(255) DEFAULT NULL,
  `productCompany` varchar(255) DEFAULT NULL,
  `productPrice` int(11) DEFAULT NULL,
  `productPriceBeforeDiscount` int(11) DEFAULT NULL,
  `productDescription` longtext DEFAULT NULL,
  `productImage1` varchar(255) DEFAULT NULL,
  `productImage2` varchar(255) DEFAULT NULL,
  `productImage3` varchar(255) DEFAULT NULL,
  `shippingCharge` int(11) DEFAULT NULL,
  `productAvailability` varchar(255) DEFAULT NULL,
  `postingDate` timestamp NULL DEFAULT current_timestamp(),
  `updationDate` varchar(255) DEFAULT NULL
) ENGINE=InnoDB DEFAULT CHARSET=latin1;

--
-- Dumping data for table `products`
--

INSERT INTO `products` (`id`, `category`, `subCategory`, `productName`, `productCompany`, `productPrice`, `productPriceBeforeDiscount`, `productDescription`, `productImage1`, `productImage2`, `productImage3`, `shippingCharge`, `productAvailability`, `postingDate`, `updationDate`) VALUES
(23, 3, 8, 'DC comics for nerds', 'Eisha', 25000, 30000, '<span style=\"color: rgb(0, 0, 0); font-size: 14px; text-align: justify;\">Lorem ipsum dolor sit amet, consectetur adipiscing elit, sed do eiusmod tempor incididunt ut labore et dolore magna aliqua. Ut enim ad minim veniam, quis nostrud exercitation ullamco laboris nisi ut aliquip ex ea commodo consequat. Duis aute irure dolor in reprehenderit in voluptate velit esse cillum dolore eu fugiat nulla pariatur. Excepteur sint occaecat cupidatat non proident, sunt in culpa qui officia deserunt mollit anim id est laborum.</span><br>', 'dc.jpg', 'dc.jpg', 'dc.jpg', 0, 'In Stock', '2022-05-18 14:56:18', NULL),
(24, 4, 7, 'Kirinyaga requires computers', 'Kirinyaga University', 45000, 50000, '<span style=\"color: rgb(0, 0, 0); font-size: 14px; text-align: justify;\">Lorem ipsum dolor sit amet, consectetur adipiscing elit, sed do eiusmod tempor incididunt ut labore et dolore magna aliqua. Ut enim ad minim veniam, quis nostrud exercitation ullamco laboris nisi ut aliquip ex ea commodo consequat. Duis aute irure dolor in reprehenderit in voluptate velit esse cillum dolore eu fugiat nulla pariatur. Excepteur sint occaecat cupidatat non proident, sunt in culpa qui officia deserunt mollit anim id est laborum.</span><br>', 'computers.jpg', 'computers.jpg', 'computers.jpg', 0, 'out of stock', '2022-05-18 15:17:21', NULL),
(25, 5, 11, 'Dinning tables needed', 'Eliza restaurants', 1000000, 1000000, '<span style=\"color: rgb(0, 0, 0); font-size: 14px; text-align: justify;\">\"Lorem ipsum dolor sit amet, consectetur adipiscing elit, sed do eiusmod tempor incididunt ut labore et dolore magna aliqua. Ut enim ad minim veniam, quis nostrud exercitation ullamco laboris nisi ut aliquip ex ea commodo consequat. Duis aute irure dolor in reprehenderit in voluptate velit esse cillum dolore eu fugiat nulla pariatur. Excepteur sint occaecat cupidatat non proident, sunt in culpa qui officia deserunt mollit anim id est laborum.</span><br>', '4-43162_home-furniture-png-transparent-png-download.png', '4-43162_home-furniture-png-transparent-png-download.png', '4-43162_home-furniture-png-transparent-png-download.png', 0, 'In Stock', '2022-05-23 05:40:32', NULL),
(26, 6, 12, 'Rique Shoes', 'Salama enterprises', 90000, 90000, '<span style=\"color: rgb(0, 0, 0); font-size: 14px; text-align: justify;\">\"Lorem ipsum dolor sit amet, consectetur adipiscing elit, sed do eiusmod tempor incididunt ut labore et dolore magna aliqua. Ut enim ad minim veniam, quis nostrud exercitation ullamco laboris nisi ut aliquip ex ea commodo consequat. Duis aute irure dolor in reprehenderit in voluptate velit esse cillum dolore eu fugiat nulla pariatur. Excepteur sint occaecat cupidatat non proident, sunt in culpa qui officia deserunt mollit anim id est laborum.</span><br>', 'mensshoes.jpg', 'mensshoes.jpg', 'mensshoes.jpg', 0, 'In Stock', '2022-05-23 06:17:43', NULL);

-- --------------------------------------------------------

--
-- Table structure for table `subcategory`
--

CREATE TABLE `subcategory` (
  `id` int(11) NOT NULL,
  `categoryid` int(11) DEFAULT NULL,
  `subcategory` varchar(255) DEFAULT NULL,
  `creationDate` timestamp NULL DEFAULT current_timestamp(),
  `updationDate` varchar(255) DEFAULT NULL
) ENGINE=InnoDB DEFAULT CHARSET=latin1;

--
-- Dumping data for table `subcategory`
--

INSERT INTO `subcategory` (`id`, `categoryid`, `subcategory`, `creationDate`, `updationDate`) VALUES
(2, 4, 'Led Television', '2017-01-26 16:24:52', '26-01-2017 11:03:40 PM'),
(3, 4, 'Television', '2017-01-26 16:29:09', ''),
(4, 4, 'Mobiles', '2017-01-30 16:55:48', ''),
(5, 4, 'Mobile Accessories', '2017-02-04 04:12:40', ''),
(6, 4, 'Laptops', '2017-02-04 04:13:00', ''),
(7, 4, 'Computers', '2017-02-04 04:13:27', ''),
(8, 3, 'Comics', '2017-02-04 04:13:54', ''),
(9, 5, 'Beds', '2017-02-04 04:36:45', ''),
(10, 5, 'Sofas', '2017-02-04 04:37:02', ''),
(11, 5, 'Dining Tables', '2017-02-04 04:37:51', ''),
(12, 6, 'Men Footwears', '2017-03-10 20:12:59', '');

-- --------------------------------------------------------

--
-- Table structure for table `userlog`
--

CREATE TABLE `userlog` (
  `id` int(11) NOT NULL,
  `userEmail` varchar(255) DEFAULT NULL,
  `userip` binary(16) DEFAULT NULL,
  `loginTime` timestamp NULL DEFAULT current_timestamp(),
  `logout` varchar(255) DEFAULT NULL,
  `status` int(11) DEFAULT NULL
) ENGINE=InnoDB DEFAULT CHARSET=latin1;

--
-- Dumping data for table `userlog`
--

INSERT INTO `userlog` (`id`, `userEmail`, `userip`, `loginTime`, `logout`, `status`) VALUES
(1, 'anuj.lpu1@gmail.com', 0x3a3a3100000000000000000000000000, '2017-02-26 11:18:50', '', 1),
(2, 'anuj.lpu1@gmail.com', 0x3a3a3100000000000000000000000000, '2017-02-26 11:29:33', '', 1),
(3, 'anuj.lpu1@gmail.com', 0x3a3a3100000000000000000000000000, '2017-02-26 11:30:11', '', 1),
(4, 'anuj.lpu1@gmail.com', 0x3a3a3100000000000000000000000000, '2017-02-26 15:00:23', '26-02-2017 11:12:06 PM', 1),
(5, 'anuj.lpu1@gmail.com', 0x3a3a3100000000000000000000000000, '2017-02-26 18:08:58', '', 0),
(6, 'anuj.lpu1@gmail.com', 0x3a3a3100000000000000000000000000, '2017-02-26 18:09:41', '', 0),
(7, 'anuj.lpu1@gmail.com', 0x3a3a3100000000000000000000000000, '2017-02-26 18:10:04', '', 0),
(8, 'anuj.lpu1@gmail.com', 0x3a3a3100000000000000000000000000, '2017-02-26 18:10:31', '', 0),
(9, 'anuj.lpu1@gmail.com', 0x3a3a3100000000000000000000000000, '2017-02-26 18:13:43', '', 1),
(10, 'anuj.lpu1@gmail.com', 0x3a3a3100000000000000000000000000, '2017-02-27 18:52:58', '', 0),
(11, 'anuj.lpu1@gmail.com', 0x3a3a3100000000000000000000000000, '2017-02-27 18:53:07', '', 1),
(12, 'anuj.lpu1@gmail.com', 0x3a3a3100000000000000000000000000, '2017-03-03 18:00:09', '', 0),
(13, 'anuj.lpu1@gmail.com', 0x3a3a3100000000000000000000000000, '2017-03-03 18:00:15', '', 1),
(14, 'anuj.lpu1@gmail.com', 0x3a3a3100000000000000000000000000, '2017-03-06 18:10:26', '', 1),
(15, 'anuj.lpu1@gmail.com', 0x3a3a3100000000000000000000000000, '2017-03-07 12:28:16', '', 1),
(16, 'anuj.lpu1@gmail.com', 0x3a3a3100000000000000000000000000, '2017-03-07 18:43:27', '', 1),
(17, 'anuj.lpu1@gmail.com', 0x3a3a3100000000000000000000000000, '2017-03-07 18:55:33', '', 1),
(18, 'anuj.lpu1@gmail.com', 0x3a3a3100000000000000000000000000, '2017-03-07 19:44:29', '', 1),
(19, 'anuj.lpu1@gmail.com', 0x3a3a3100000000000000000000000000, '2017-03-08 19:21:15', '', 1),
(20, 'anuj.lpu1@gmail.com', 0x3a3a3100000000000000000000000000, '2017-03-15 17:19:38', '', 1),
(21, 'anuj.lpu1@gmail.com', 0x3a3a3100000000000000000000000000, '2017-03-15 17:20:36', '15-03-2017 10:50:39 PM', 1),
(22, 'anuj.lpu1@gmail.com', 0x3a3a3100000000000000000000000000, '2017-03-16 01:13:57', '', 1),
(23, 'hgfhgf@gmass.com', 0x3a3a3100000000000000000000000000, '2018-04-29 09:30:40', '', 1),
(24, 'ab@ab.com', 0x3a3a3100000000000000000000000000, '2022-05-18 06:08:05', NULL, 0),
(25, 'ab@email.com', 0x3a3a3100000000000000000000000000, '2022-05-18 06:08:30', NULL, 0),
(26, 'jk@email.com', 0x3a3a3100000000000000000000000000, '2022-05-18 06:09:02', NULL, 1),
(27, 'ab@ab.com', 0x3a3a3100000000000000000000000000, '2022-05-18 13:46:42', NULL, 0),
(28, 'ab@ab.com', 0x3a3a3100000000000000000000000000, '2022-05-18 13:47:00', '18-05-2022 08:22:05 PM', 1),
(29, 'ab@ab.com', 0x3a3a3100000000000000000000000000, '2022-05-18 14:52:39', NULL, 0),
(30, 'ab@ab.com', 0x3a3a3100000000000000000000000000, '2022-05-18 14:52:57', NULL, 1),
(31, 'ab@ab.com', 0x3a3a3100000000000000000000000000, '2022-05-21 14:44:15', NULL, 1),
(32, 'test@test.com', 0x3a3a3100000000000000000000000000, '2022-05-23 05:26:03', NULL, 0),
(33, 'test@gmail.com', 0x3a3a3100000000000000000000000000, '2022-05-23 05:26:26', NULL, 1);

-- --------------------------------------------------------

--
-- Table structure for table `users`
--

CREATE TABLE `users` (
  `id` int(11) NOT NULL,
  `name` varchar(255) DEFAULT NULL,
  `email` varchar(255) DEFAULT NULL,
  `contactno` bigint(11) DEFAULT NULL,
  `password` varchar(255) DEFAULT NULL,
  `shippingAddress` longtext DEFAULT NULL,
  `shippingState` varchar(255) DEFAULT NULL,
  `shippingCity` varchar(255) DEFAULT NULL,
  `shippingPincode` int(11) DEFAULT NULL,
  `billingAddress` longtext DEFAULT NULL,
  `billingState` varchar(255) DEFAULT NULL,
  `billingCity` varchar(255) DEFAULT NULL,
  `billingPincode` int(11) DEFAULT NULL,
  `regDate` timestamp NOT NULL DEFAULT current_timestamp(),
  `updationDate` varchar(255) DEFAULT NULL
) ENGINE=InnoDB DEFAULT CHARSET=latin1;

--
-- Dumping data for table `users`
--

INSERT INTO `users` (`id`, `name`, `email`, `contactno`, `password`, `shippingAddress`, `shippingState`, `shippingCity`, `shippingPincode`, `billingAddress`, `billingState`, `billingCity`, `billingPincode`, `regDate`, `updationDate`) VALUES
(1, 'Anuj Kumar', 'anuj.lpu1@gmail.com', 9009857868, 'f925916e2754e5e03f75dd58a5733251', 'CS New Delhi', 'New Delhi', 'Delhi', 110001, 'New Delhi', 'New Delhi', 'Delhi', 110092, '2017-02-04 19:30:50', ''),
(2, 'Amit ', 'amit@gmail.com', 8285703355, '5c428d8875d2948607f3e3fe134d71b4', '', '', '', 0, '', '', '', 0, '2017-03-15 17:21:22', ''),
(3, 'hg', 'hgfhgf@gmass.com', 1121312312, '827ccb0eea8a706c4c34a16891f84e7b', '', '', '', 0, '', '', '', 0, '2018-04-29 09:30:32', ''),
(4, 'jk', 'jk@email.com', 234, '0811f3a046cea2ad7c361c08b461d258', '321', 'KENYA', 'NAI', 903000, '321', 'KENYA', 'NAI', 903000, '2022-05-18 06:07:47', NULL),
(5, 'a', 'ab@ab.com', 254746750740, 'f3cafe500123eb18271962720417556d', NULL, NULL, NULL, NULL, NULL, NULL, NULL, NULL, '2022-05-18 13:41:07', NULL),
(6, 'test', 'test@gmail.com', 751953879, '16d7a4fca7442dda3ad93c9a726597e4', '360', 'Kenya', 'Wote', 90300, '360', 'Kenya', 'Wote', 90300, '2022-05-23 05:25:31', NULL);

-- --------------------------------------------------------

--
-- Table structure for table `wishlist`
--

CREATE TABLE `wishlist` (
  `id` int(11) NOT NULL,
  `userId` int(11) DEFAULT NULL,
  `productId` int(11) DEFAULT NULL,
  `postingDate` timestamp NOT NULL DEFAULT current_timestamp()
) ENGINE=InnoDB DEFAULT CHARSET=latin1;

--
-- Dumping data for table `wishlist`
--

INSERT INTO `wishlist` (`id`, `userId`, `productId`, `postingDate`) VALUES
(1, 1, 0, '2017-02-27 18:53:17');

--
-- Indexes for dumped tables
--

--
-- Indexes for table `admin`
--
ALTER TABLE `admin`
  ADD PRIMARY KEY (`id`);

--
-- Indexes for table `category`
--
ALTER TABLE `category`
  ADD PRIMARY KEY (`id`);

--
-- Indexes for table `orders`
--
ALTER TABLE `orders`
  ADD PRIMARY KEY (`id`);

--
-- Indexes for table `ordertrackhistory`
--
ALTER TABLE `ordertrackhistory`
  ADD PRIMARY KEY (`id`);

--
-- Indexes for table `productreviews`
--
ALTER TABLE `productreviews`
  ADD PRIMARY KEY (`id`);

--
-- Indexes for table `products`
--
ALTER TABLE `products`
  ADD PRIMARY KEY (`id`);

--
-- Indexes for table `subcategory`
--
ALTER TABLE `subcategory`
  ADD PRIMARY KEY (`id`);

--
-- Indexes for table `userlog`
--
ALTER TABLE `userlog`
  ADD PRIMARY KEY (`id`);

--
-- Indexes for table `users`
--
ALTER TABLE `users`
  ADD PRIMARY KEY (`id`);

--
-- Indexes for table `wishlist`
--
ALTER TABLE `wishlist`
  ADD PRIMARY KEY (`id`);

--
-- AUTO_INCREMENT for dumped tables
--

--
-- AUTO_INCREMENT for table `admin`
--
ALTER TABLE `admin`
  MODIFY `id` int(11) NOT NULL AUTO_INCREMENT, AUTO_INCREMENT=2;

--
-- AUTO_INCREMENT for table `category`
--
ALTER TABLE `category`
  MODIFY `id` int(11) NOT NULL AUTO_INCREMENT, AUTO_INCREMENT=7;

--
-- AUTO_INCREMENT for table `orders`
--
ALTER TABLE `orders`
  MODIFY `id` int(11) NOT NULL AUTO_INCREMENT, AUTO_INCREMENT=9;

--
-- AUTO_INCREMENT for table `ordertrackhistory`
--
ALTER TABLE `ordertrackhistory`
  MODIFY `id` int(11) NOT NULL AUTO_INCREMENT, AUTO_INCREMENT=5;

--
-- AUTO_INCREMENT for table `productreviews`
--
ALTER TABLE `productreviews`
  MODIFY `id` int(11) NOT NULL AUTO_INCREMENT, AUTO_INCREMENT=5;

--
-- AUTO_INCREMENT for table `products`
--
ALTER TABLE `products`
  MODIFY `id` int(11) NOT NULL AUTO_INCREMENT, AUTO_INCREMENT=27;

--
-- AUTO_INCREMENT for table `subcategory`
--
ALTER TABLE `subcategory`
  MODIFY `id` int(11) NOT NULL AUTO_INCREMENT, AUTO_INCREMENT=13;

--
-- AUTO_INCREMENT for table `userlog`
--
ALTER TABLE `userlog`
  MODIFY `id` int(11) NOT NULL AUTO_INCREMENT, AUTO_INCREMENT=34;

--
-- AUTO_INCREMENT for table `users`
--
ALTER TABLE `users`
  MODIFY `id` int(11) NOT NULL AUTO_INCREMENT, AUTO_INCREMENT=7;

--
-- AUTO_INCREMENT for table `wishlist`
--
ALTER TABLE `wishlist`
  MODIFY `id` int(11) NOT NULL AUTO_INCREMENT, AUTO_INCREMENT=2;
COMMIT;

/*!40101 SET CHARACTER_SET_CLIENT=@OLD_CHARACTER_SET_CLIENT */;
/*!40101 SET CHARACTER_SET_RESULTS=@OLD_CHARACTER_SET_RESULTS */;
/*!40101 SET COLLATION_CONNECTION=@OLD_COLLATION_CONNECTION */;
